[{"id":"user-image-Lugares-turisticos-que-puedes-visitar-si-viajas-a-Villa-Canales-Guatemala.png","publicUrl":"np://user.desktop.nicepage.com/Site_259294591/images/Lugares-turisticos-que-puedes-visitar-si-viajas-a-Villa-Canales-Guatemala.png","size":732843,"hash":"u38u6Bl8By6FyfxnKerzjSYChCI=","fileName":"Lugares-turisticos-que-puedes-visitar-si-viajas-a-Villa-Canales-Guatemala.png","name":"Lugares-turisticos-que-puedes-visitar-si-viajas-a-Villa-Canales-Guatemala","width":890,"height":505,"thumbnail":{"url":"np://user.desktop.nicepage.com/Site_259294591/images/thumbnails/Lugares-turisticos-que-puedes-visitar-si-viajas-a-Villa-Canales-Guatemala.png","width":250,"height":142},"folderId":null,"usages":["169702324"]},{"id":"user-image-amanecer-lago-atitlC3A1n.png","publicUrl":"np://user.desktop.nicepage.com/Site_259294591/images/amanecer-lago-atitlC3A1n.png","size":148234,"hash":"M8CNVnGssPu6NsQtq062U34NkkU=","fileName":"amanecer-lago-atitlC3A1n.png","name":"amanecer-lago-atitlC3A1n","width":612,"height":408,"thumbnail":{"url":"np://user.desktop.nicepage.com/Site_259294591/images/thumbnails/amanecer-lago-atitlC3A1n.png","width":250,"height":167},"folderId":null,"usages":["169702324"]},{"id":"user-image-Imagen_de_WhatsApp_2023-09-17_a_las_16.37.43.jpg","publicUrl":"np://user.desktop.nicepage.com/Site_259294591/images/Imagen_de_WhatsApp_2023-09-17_a_las_16.37.43.jpg","size":104725,"hash":"fTYvCkdXgBSyuJWj3xS3zCsONCg=","fileName":"Imagen_de_WhatsApp_2023-09-17_a_las_16.37.43.jpg","name":"Imagen_de_WhatsApp_2023-09-17_a_las_16.37.43","width":1024,"height":768,"thumbnail":{"url":"np://user.desktop.nicepage.com/Site_259294591/images/thumbnails/Imagen_de_WhatsApp_2023-09-17_a_las_16.37.43.jpg","width":250,"height":188},"folderId":null,"usages":["169702324"]},{"id":"user-image-wandering-stus-antigua-guatemala-2.png","publicUrl":"np://user.desktop.nicepage.com/Site_259294591/images/wandering-stus-antigua-guatemala-2.png","size":3935444,"hash":"Hufpx5GeRKTrMx0h1tbJ6ALgr4Y=","fileName":"wandering-stus-antigua-guatemala-2.png","name":"wandering-stus-antigua-guatemala-2","width":2048,"height":1536,"thumbnail":{"url":"np://user.desktop.nicepage.com/Site_259294591/images/thumbnails/wandering-stus-antigua-guatemala-2.png","width":250,"height":188},"folderId":null,"usages":["169702324"]},{"id":"user-image-Tikal-uno-de-los-sitios-mas-turisticos-de-Guatemala.png","publicUrl":"np://user.desktop.nicepage.com/Site_259294591/images/Tikal-uno-de-los-sitios-mas-turisticos-de-Guatemala.png","size":1328429,"hash":"Cv+mwOp8mwm2FnU/hKQHCBEOefk=","fileName":"Tikal-uno-de-los-sitios-mas-turisticos-de-Guatemala.png","name":"Tikal-uno-de-los-sitios-mas-turisticos-de-Guatemala","width":900,"height":678,"thumbnail":{"url":"np://user.desktop.nicepage.com/Site_259294591/images/thumbnails/Tikal-uno-de-los-sitios-mas-turisticos-de-Guatemala.png","width":250,"height":188},"folderId":null,"usages":["169702324"]},{"id":"user-image-fndo.png","publicUrl":"np://user.desktop.nicepage.com/Site_259294591/images/fndo.png","size":1015323,"hash":"MYWHwi2mKxYvakbfIRqFBVUcTbU=","fileName":"fndo.png","name":"fndo","width":1920,"height":1080,"thumbnail":{"url":"np://user.desktop.nicepage.com/Site_259294591/images/thumbnails/fndo.png","width":250,"height":141},"folderId":null,"usages":["169702324"]},{"id":"user-image-LOGO_PROYECTO.png","publicUrl":"np://user.desktop.nicepage.com/Site_259294591/images/LOGO_PROYECTO.png","size":363596,"hash":"pJoYA0yuQnRpdomtAmsSzhxJrGw=","fileName":"LOGO_PROYECTO.png","name":"LOGO_PROYECTO","width":499,"height":499,"thumbnail":{"url":"np://user.desktop.nicepage.com/Site_259294591/images/thumbnails/LOGO_PROYECTO.png","width":250,"height":250},"folderId":null,"usages":[]}]