[{"id":532004675,"title":"Blog Template","order":1,"templateKey":"blog","customTemplate":false,"customTemplateFilename":null,"pageLinks":[],"dateCreated":"2023-09-17T21:28:20.062Z","dateUpdated":"2023-09-17T21:28:22.619Z","folderId":null,"pageName":"Blog Template","serverPageId":null,"status":2},{"id":20870442,"title":"Post Template","order":2,"templateKey":"post","customTemplate":false,"customTemplateFilename":null,"pageLinks":[],"dateCreated":"2023-09-17T21:28:20.352Z","dateUpdated":"2023-09-17T21:28:22.641Z","folderId":null,"pageName":"Post Template","serverPageId":null,"status":2},{"id":36870494,"title":"Product List Template","order":3,"templateKey":"products","customTemplate":false,"customTemplateFilename":null,"pageLinks":[],"dateCreated":"2023-09-17T21:28:20.619Z","dateUpdated":"2023-09-17T21:28:22.653Z","folderId":null,"pageName":"Product List Template","serverPageId":null,"status":2},{"id":259902401,"title":"Product Details Template","order":4,"templateKey":"product","customTemplate":false,"customTemplateFilename":null,"pageLinks":[],"dateCreated":"2023-09-17T21:28:20.894Z","dateUpdated":"2023-09-17T21:28:22.666Z","folderId":null,"pageName":"Product Details Template","serverPageId":null,"status":2},{"id":115332154,"title":"Shopping Cart Template","order":5,"templateKey":"cart","customTemplate":false,"customTemplateFilename":null,"pageLinks":[],"dateCreated":"2023-09-17T21:28:21.135Z","dateUpdated":"2023-09-17T21:28:22.678Z","folderId":null,"pageName":"Shopping Cart Template","serverPageId":null,"status":2},{"id":3054921552,"title":"Checkout Template","order":6,"templateKey":"checkout","customTemplate":false,"customTemplateFilename":null,"pageLinks":[],"dateCreated":"2023-09-17T21:28:21.444Z","dateUpdated":"2023-09-17T21:28:22.687Z","folderId":null,"pageName":"Checkout Template","serverPageId":null,"status":2},{"id":2519207320,"title":"Login Template","order":7,"templateKey":"login","customTemplate":false,"customTemplateFilename":null,"pageLinks":[],"dateCreated":"2023-09-17T21:28:21.633Z","dateUpdated":"2023-09-17T21:28:22.700Z","folderId":null,"pageName":"Login Template","serverPageId":null,"status":2},{"id":680213686,"title":"Page Password Template","order":8,"templateKey":"password","customTemplate":false,"customTemplateFilename":null,"pageLinks":[],"dateCreated":"2023-09-17T21:28:21.759Z","dateUpdated":"2023-09-17T21:28:22.712Z","folderId":null,"pageName":"Page Password Template","serverPageId":null,"status":2},{"id":637129021,"title":"404 Not Found Template","order":9,"templateKey":"404","customTemplate":false,"customTemplateFilename":null,"pageLinks":[],"dateCreated":"2023-09-17T21:28:21.888Z","dateUpdated":"2023-09-17T21:28:22.721Z","folderId":null,"pageName":"404 Not Found Template","serverPageId":null,"status":2},{"id":880124176,"title":"Thank You Page Template","order":10,"templateKey":"ThankYou","customTemplate":false,"customTemplateFilename":null,"pageLinks":[],"dateCreated":"2023-09-17T21:28:22.006Z","dateUpdated":"2023-09-17T21:28:22.734Z","folderId":null,"pageName":"Thank You Page Template","serverPageId":null,"status":2},{"id":169702324,"title":"Casa","order":50,"templateKey":null,"customTemplate":false,"customTemplateFilename":null,"pageLinks":[],"dateCreated":"2023-09-17T21:28:23.711Z","dateUpdated":"2023-09-21T04:32:10.128Z","folderId":null,"pageName":"Casa_169702324","serverPageId":null,"status":2},{"id":782710318,"title":"Acerca de","order":100,"templateKey":null,"customTemplate":false,"customTemplateFilename":null,"pageLinks":[],"dateCreated":"2023-09-17T21:28:22.089Z","dateUpdated":"2023-09-17T21:28:22.746Z","folderId":null,"pageName":"Acerca de_782710318","serverPageId":null,"status":2},{"id":428010476,"title":"Contacto","order":101,"templateKey":null,"customTemplate":false,"customTemplateFilename":null,"pageLinks":[],"dateCreated":"2023-09-17T21:28:22.175Z","dateUpdated":"2023-09-17T21:28:22.755Z","folderId":null,"pageName":"Contacto_428010476","serverPageId":null,"status":2}]